{
  "NaiveBayes": {
    "accuracy": 0.9983,
    "report": {
      "Critical": {
        "precision": 1.0,
        "recall": 1.0,
        "f1-score": 1.0,
        "support": 157.0
      },
      "Warning": {
        "precision": 1.0,
        "recall": 1.0,
        "f1-score": 1.0,
        "support": 73.0
      },
      "Info": {
        "precision": 1.0,
        "recall": 0.9970674486803519,
        "f1-score": 0.9985315712187959,
        "support": 682.0
      },
      "Normal": {
        "precision": 0.993103448275862,
        "recall": 1.0,
        "f1-score": 0.9965397923875432,
        "support": 288.0
      },
      "accuracy": 0.9983333333333333,
      "macro avg": {
        "precision": 0.9982758620689656,
        "recall": 0.999266862170088,
        "f1-score": 0.9987678409015848,
        "support": 1200.0
      },
      "weighted avg": {
        "precision": 0.9983448275862069,
        "recall": 0.9983333333333333,
        "f1-score": 0.9983349931490261,
        "support": 1200.0
      }
    },
    "confusion_matrix": [
      [
        157,
        0,
        0,
        0
      ],
      [
        0,
        73,
        0,
        0
      ],
      [
        0,
        0,
        680,
        2
      ],
      [
        0,
        0,
        0,
        288
      ]
    ]
  },
  "SVM": {
    "accuracy": 0.9983,
    "report": {
      "Critical": {
        "precision": 1.0,
        "recall": 1.0,
        "f1-score": 1.0,
        "support": 157.0
      },
      "Warning": {
        "precision": 1.0,
        "recall": 1.0,
        "f1-score": 1.0,
        "support": 73.0
      },
      "Info": {
        "precision": 0.998533724340176,
        "recall": 0.998533724340176,
        "f1-score": 0.998533724340176,
        "support": 682.0
      },
      "Normal": {
        "precision": 0.9965277777777778,
        "recall": 0.9965277777777778,
        "f1-score": 0.9965277777777778,
        "support": 288.0
      },
      "accuracy": 0.9983333333333333,
      "macro avg": {
        "precision": 0.9987653755294884,
        "recall": 0.9987653755294884,
        "f1-score": 0.9987653755294884,
        "support": 1200.0
      },
      "weighted avg": {
        "precision": 0.9983333333333333,
        "recall": 0.9983333333333333,
        "f1-score": 0.9983333333333333,
        "support": 1200.0
      }
    },
    "confusion_matrix": [
      [
        157,
        0,
        0,
        0
      ],
      [
        0,
        73,
        0,
        0
      ],
      [
        0,
        0,
        681,
        1
      ],
      [
        0,
        0,
        1,
        287
      ]
    ]
  },
  "RandomForest": {
    "accuracy": 0.9967,
    "report": {
      "Critical": {
        "precision": 1.0,
        "recall": 0.9872611464968153,
        "f1-score": 0.9935897435897436,
        "support": 157.0
      },
      "Warning": {
        "precision": 1.0,
        "recall": 1.0,
        "f1-score": 1.0,
        "support": 73.0
      },
      "Info": {
        "precision": 0.9956140350877193,
        "recall": 0.998533724340176,
        "f1-score": 0.9970717423133236,
        "support": 682.0
      },
      "Normal": {
        "precision": 0.9965277777777778,
        "recall": 0.9965277777777778,
        "f1-score": 0.9965277777777778,
        "support": 288.0
      },
      "accuracy": 0.9966666666666667,
      "macro avg": {
        "precision": 0.9980354532163742,
        "recall": 0.9955806621536922,
        "f1-score": 0.9967973159202113,
        "support": 1200.0
      },
      "weighted avg": {
        "precision": 0.996673976608187,
        "recall": 0.9966666666666667,
        "f1-score": 0.9966637650010637,
        "support": 1200.0
      }
    },
    "confusion_matrix": [
      [
        155,
        0,
        2,
        0
      ],
      [
        0,
        73,
        0,
        0
      ],
      [
        0,
        0,
        681,
        1
      ],
      [
        0,
        0,
        1,
        287
      ]
    ]
  },
  "XGBoost": {
    "accuracy": 0.9983,
    "report": {
      "Critical": {
        "precision": 1.0,
        "recall": 1.0,
        "f1-score": 1.0,
        "support": 157.0
      },
      "Warning": {
        "precision": 1.0,
        "recall": 1.0,
        "f1-score": 1.0,
        "support": 73.0
      },
      "Info": {
        "precision": 0.998533724340176,
        "recall": 0.998533724340176,
        "f1-score": 0.998533724340176,
        "support": 682.0
      },
      "Normal": {
        "precision": 0.9965277777777778,
        "recall": 0.9965277777777778,
        "f1-score": 0.9965277777777778,
        "support": 288.0
      },
      "accuracy": 0.9983333333333333,
      "macro avg": {
        "precision": 0.9987653755294884,
        "recall": 0.9987653755294884,
        "f1-score": 0.9987653755294884,
        "support": 1200.0
      },
      "weighted avg": {
        "precision": 0.9983333333333333,
        "recall": 0.9983333333333333,
        "f1-score": 0.9983333333333333,
        "support": 1200.0
      }
    },
    "confusion_matrix": [
      [
        157,
        0,
        0,
        0
      ],
      [
        0,
        73,
        0,
        0
      ],
      [
        0,
        0,
        681,
        1
      ],
      [
        0,
        0,
        1,
        287
      ]
    ]
  }
}